ID,Clause_Heading,Full_Clause_Text,Ground_Truth_Risk_Level
1,Unlimited Indemnification,"The Contractor shall defend, indemnify, and hold harmless the Client, its affiliates, officers, directors, employees, and agents from and against any and all claims, liabilities, losses, damages, costs, and expenses, including reasonable attorneys' fees, arising out of or resulting from the performance of the Services.",High Risk Clause
2,Consequential Damages Exclusion,"In no event shall either party be liable to the other party for any indirect, incidental, special, exemplary, consequential, or punitive damages, including loss of profits or revenues, arising out of or in connection with this Agreement.",High Risk Clause
3,Unilateral At-Will Termination,The Company may terminate this Agreement and any related Statement of Work at any time for its sole convenience without cause and without liability upon three (3) days' written notice.,High Risk Clause
4,Liquidated Damages Penalty,"If the Vendor fails to complete the Deliverables by the Delivery Date, Vendor shall pay to Customer the fixed sum of $10,000 per calendar day of delay as liquidated damages and not as a penalty.",High Risk Clause
5,Blanket Security Interest,"To secure all obligations hereunder, Debtor hereby grants Secured Party a continuing first-priority security interest and blanket lien in all of Debtor's tangible and intangible personal property, inventory, equipment, and accounts receivable now owned or hereafter acquired.",High Risk Clause
6,Jury Trial and Class Action Waiver,"Each party hereto irrevocably waives all right to trial by jury in any action, proceeding, or counterclaim arising out of or relating to this Agreement or the transactions contemplated hereby.",High Risk Clause
7,Strict Worldwide Non-Compete,"During the Term and for a period of five (5) years thereafter, Employee shall not, directly or indirectly, anywhere in the world, engage in, consult for, or own any interest in any business competing with the Company.",High Risk Clause
8,Unconditional Personal Guarantee,"The undersigned Guarantor hereby unconditionally, irrevocably, and personally guarantees the full and punctual payment and performance of all liabilities and debts of the Borrower to the Lender.",High Risk Clause
9,Unilateral Modification Right,"The Platform Provider reserves the right to modify, amend, or alter these terms and pricing at any time without prior notice, and Customer's continued use constitutes acceptance of all changes.",High Risk Clause
10,Broad Environmental Indemnity,"Tenant agrees to strictly indemnify, defend, and hold Landlord harmless from all past, present, and future environmental liabilities, hazardous material contamination, and cleanup costs on the Property.",High Risk Clause
11,Sole Remedy Limitation,"Customer's sole and exclusive remedy for any defect, breach, or non-performance of the software shall be limited strictly to re-performance of the defective code within thirty (30) days.",High Risk Clause
12,Uncapped Third-Party Claim Defense,"Vendor assumes full and unlimited responsibility to defend and hold Customer harmless against all third-party allegations, whether groundless, false, or fraudulent, without any financial cap.",High Risk Clause
13,Immediate Acceleration of Debt,"Upon the occurrence of any default, Lender may declare the entire outstanding principal balance, together with all accrued interest and fees, immediately due and payable without demand or notice.",High Risk Clause
14,Broad Right of Set-off,"Client shall have the unilateral right to set off and deduct any disputed amounts, damages, or claims from any payments otherwise due to Consultant under this or any other contract.",High Risk Clause
15,Perpetual Non-Disparagement with Punitive Forfeiture,"Party agrees never to make any critical statement regarding the Company, upon breach of which all earned equity and deferred compensation shall be immediately forfeited.",High Risk Clause
16,Absolute Warranty of Security,"Service Provider guarantees and warrants that Customer's data and network shall be 100% safe, completely secure, and immune from all cyber incidents, intrusions, or breaches at all times.",High Risk Clause
17,Immediate Suspension Without Notice,Host reserves the absolute right to suspend access to servers and delete all Customer data immediately without prior warning if Host suspects any violation of policy.,High Risk Clause
18,Forfeiture of Customer Data Upon Non-Payment,"If any invoice remains unpaid for more than fifteen (15) days, Vendor may permanently delete and destroy all Customer records, databases, and backup files without liability.",High Risk Clause
19,Waiver of Injunction Defense,Breaching party agrees that money damages are inadequate and stipulates to immediate entry of preliminary injunctive relief without the posting of any bond or proof of actual injury.,High Risk Clause
20,Broad Patent Cross-License Grant,"Licensee hereby grants Licensor an irrevocable, perpetual, royalty-free, worldwide license to practice, monetize, and sub-license all patents and inventions developed by Licensee.",High Risk Clause
21,Unilateral Audit Surcharge,"If an audit reveals any underpayment of more than 1%, Customer shall pay the underpayment plus an administrative audit fee penalty equal to 50% of the audit cost.",High Risk Clause
22,Unlimited Liability for Indirect Breaches,"Consultant shall be liable for all special, direct, indirect, consequential, and punitive losses incurred by Client's global retail affiliates resulting from server downtime.",High Risk Clause
23,Waiver of Statute of Limitations,"Any action arising out of this contract must be filed within ninety (90) days after the initial occurrence of the event, or such claim shall be permanently barred forever.",High Risk Clause
24,Cross-Default Clause,"Any default by Borrower under any other loan agreement, credit line, or commercial contract with any third-party institution shall constitute an immediate default under this Agreement.",High Risk Clause
25,Confession of Judgment,Borrower hereby irrevocably authorizes any attorney of any court of record to appear and confess judgment against Borrower for the full amount unpaid under this Note.,High Risk Clause
26,Full Indemnity for Client Negligence,"Contractor agrees to indemnify Client for all damages, claims, and settlements arising out of the project, including claims caused in whole or in part by Client's own active negligence.",High Risk Clause
27,Exclusive Venue in Remote Jurisdiction,"All disputes shall be litigated exclusively in the federal and state courts located in the Republic of Vanuatu, and parties consent to such foreign jurisdiction.",High Risk Clause
28,No Refund on Termination by Vendor,"Vendor may terminate this contract upon ten (10) days notice, and all prepaid advance subscription fees shall be retained by Vendor as non-refundable liquidated damages.",High Risk Clause
29,Perpetual Blanket License,"Customer grants Provider an irrevocable, perpetual, transferable right to use, sub-license, and commercialize all Customer telemetry, financial logs, and proprietary data.",High Risk Clause
30,Unilateral Termination Fee,"In the event Customer terminates this contract prior to the expiration date, Customer shall immediately pay Vendor a cancellation penalty equal to 100% of the remaining contract value.",High Risk Clause
31,Intellectual Property Ownership,"All deliverables, software modifications, inventions, and patentable work product created specifically for Customer under this SOW shall belong exclusively to Customer upon full payment.",Review Recommended
32,Confidentiality Term,"Each party agrees to maintain the confidentiality of the other party's proprietary information for a period of three (3) years from the date of disclosure, except for trade secrets which remain protected indefinitely.",Review Recommended
33,Audit and Inspection Rights,"Upon ten (10) business days' prior written notice, Client may inspect and audit Provider's books, financial logs, and operational records to verify compliance, no more than once per calendar year.",Review Recommended
34,Assignment and Change of Control,"Neither party may assign this Agreement without the prior written consent of the other, except to an affiliate or in connection with a merger, reorganization, or sale of substantially all assets.",Review Recommended
35,Payment and Late Fee Terms,Invoices are payable Net 30 days from date of receipt. Late payments shall bear interest at 1.0% per month or the maximum rate permitted by law.,Review Recommended
36,Limited Performance Warranty,Service Provider warrants that the services will be performed in a professional manner in accordance with prevailing industry standards for a period of ninety (90) days following delivery.,Review Recommended
37,Non-Solicitation of Employees,"During the term of this Agreement and for twelve (12) months thereafter, neither party shall actively solicit or recruit any employee of the other party who was directly involved in the project.",Review Recommended
38,Insurance Coverage Requirements,"Provider shall maintain Commercial General Liability insurance with limits of not less than $2,000,000 per occurrence and Cyber Liability coverage of not less than $5,000,000.",Review Recommended
39,Export Control Compliance,Each party agrees to comply with all applicable export control and economic sanctions laws and regulations of the United States and other applicable governmental authorities.,Review Recommended
40,Data Protection and Privacy,"Service Provider shall implement reasonable technical and organizational measures to protect personal data in compliance with GDPR, CCPA, and applicable data privacy regulations.",Review Recommended
41,Service Level Agreement and Uptime,"Provider commits to maintaining a monthly platform uptime of 99.9%, excluding scheduled maintenance windows announced at least forty-eight (48) hours in advance.",Review Recommended
42,Publicity and Logo Usage,"Neither party shall use the other party's name, trademarks, or logos in press releases or marketing materials without prior written approval, not to be unreasonably withheld.",Review Recommended
43,Taxes and Withholdings,"Customer shall be responsible for all applicable sales, use, and excise taxes resulting from this Agreement, excluding taxes based solely upon Provider's net income.",Review Recommended
44,Subcontractor Authorization,"Provider may utilize qualified subcontractors to perform portions of the Services, provided that Provider remains fully responsible and liable for the performance of such subcontractors.",Review Recommended
45,Source Code Escrow,"In the event Provider enters bankruptcy or ceases operations, the deposit materials in escrow shall be released to Customer solely for internal maintenance and support.",Review Recommended
46,Dispute Escalation Procedure,"Before initiating litigation, the parties agree that executive officers with decision-making authority shall meet in good faith to resolve any commercial dispute within thirty (30) days.",Review Recommended
47,Anti-Bribery and FCPA Compliance,"Each party represents that it has not offered, paid, or promised any bribe, kickback, or unlawful payment to any government official in violation of the Foreign Corrupt Practices Act.",Review Recommended
48,Transition Services and Handover,"Upon expiration or termination, Provider agrees to provide up to sixty (60) days of reasonable transition assistance to Customer at Provider's standard hourly rates.",Review Recommended
49,Representations of Authority,"Each party warrants that it has the legal power, authority, and corporate capacity to enter into and perform its obligations under this Agreement.",Review Recommended
50,Open Source Software Disclosure,Provider warrants that no open source software governed by copyleft licenses (such as GPLv3) will be integrated into Customer proprietary deliverables without prior approval.,Review Recommended
51,Price Adjustments and Inflation,"Provider may adjust annual subscription pricing upon sixty (60) days' notice, provided such increase does not exceed the Consumer Price Index (CPI) plus 3%.",Review Recommended
52,Customer Cooperation Obligations,"Customer agrees to provide timely access to premises, technical documentation, and personnel as reasonably required for Provider to fulfill the project scope.",Review Recommended
53,Disaster Recovery and Backups,Provider shall maintain a formal business continuity and disaster recovery plan designed to achieve a Recovery Time Objective (RTO) of 12 hours and Recovery Point Objective (RPO) of 4 hours.,Review Recommended
54,Return of Materials Upon Expiration,"Within thirty (30) days of contract termination, each party shall return or destroy all confidential documentation and tangible materials received from the disclosing party.",Review Recommended
55,Security Vulnerability Notification,Provider shall notify Customer within twenty-four (24) hours of confirming any security incident that compromises Customer Data and take immediate corrective measures.,Review Recommended
56,Product Acceptance Testing,Customer shall have ten (10) business days following receipt of each deliverable to conduct acceptance testing and provide written notice of any material non-conformity.,Review Recommended
57,Change Order Procedure,"Any modification to project scope, schedule, or compensation must be executed through a formal written Change Order signed by authorized representatives of both parties.",Review Recommended
58,Governing Language,"This Agreement is executed in the English language, which shall be controlling in all respects regarding interpretation, disputes, and legal enforcement.",Review Recommended
59,Right of First Refusal,Licensor grants Licensee a right of first refusal to license any new software modules developed for the same enterprise workflow on terms mutually agreed upon.,Review Recommended
60,Key Personnel Commitment,Provider shall make commercially reasonable efforts to ensure the Project Lead identified in Schedule A remains assigned to the engagement throughout the initial phase.,Review Recommended
61,Currency and Exchange Rate,All financial payments and invoices under this Agreement shall be calculated and settled in United States Dollars (USD) unless expressly agreed otherwise.,Review Recommended
62,Hardware Title and Risk of Loss,"Title to hardware equipment shall pass to Customer upon full payment, while risk of loss or damage in transit shall pass upon delivery to Customer's designated receiving facility.",Review Recommended
63,Customer Feedback Rights,"If Customer provides suggestions, enhancement requests, or feedback regarding the platform, Provider may freely utilize such feedback without royalty or restriction.",Review Recommended
64,Background Check Requirements,Provider certifies that all personnel assigned to work on Customer premises have passed standard criminal background checks and drug screening protocols.,Review Recommended
65,Usage Metrics and Verification,Customer agrees that Provider may monitor active seat counts and server utilization metrics solely to verify licensing compliance and capacity planning.,Review Recommended
66,Governing Law,"This Agreement shall be governed by, and construed in accordance with, the laws of the State of Delaware, without regard to its conflict of laws principles.",Standard Clause
67,Severability,"If any provision of this Agreement is held to be invalid or unenforceable, such provision shall be severed and the remaining provisions shall remain in full force and effect.",Standard Clause
68,Entire Agreement,"This Agreement constitutes the entire agreement between the parties with respect to the subject matter hereof and supersedes all prior and contemporaneous agreements, proposals, or understandings.",Standard Clause
69,Notices,"All notices, requests, consents, claims, and demands hereunder shall be in writing and deemed given when delivered by certified mail, return receipt requested, or overnight courier.",Standard Clause
70,Counterparts and Signatures,"This Agreement may be executed in two or more counterparts, each of which shall be deemed an original, and all of which together shall constitute one and the same instrument.",Standard Clause
71,Independent Contractors,"The relationship between the parties is that of independent contractors, and nothing contained herein shall be construed as creating any agency, partnership, or joint venture.",Standard Clause
72,No Third-Party Beneficiaries,"This Agreement is for the sole benefit of the parties hereto and their respective successors and permitted assigns, and nothing herein confers any legal right upon any third party.",Standard Clause
73,Amendments and Modifications,"No amendment, modification, or waiver of any provision of this Agreement shall be effective unless in writing and signed by duly authorized representatives of both parties.",Standard Clause
74,Force Majeure,"Neither party shall be liable for any delay or failure in performance resulting from causes beyond its reasonable control, including acts of God, strikes, pandemics, or governmental orders.",Standard Clause
75,Headings for Convenience,The section and paragraph headings contained in this Agreement are for convenience of reference only and shall not affect the meaning or interpretation of any provision.,Standard Clause
76,Survival of Obligations,"Sections relating to Confidentiality, Intellectual Property, Limitation of Liability, and Governing Law shall survive any expiration or termination of this Agreement.",Standard Clause
77,Cumulative Remedies,"Except as expressly stated herein, all rights and remedies provided in this Agreement are cumulative and not exclusive of any other rights or remedies available at law or in equity.",Standard Clause
78,Waiver of Breach,The failure of either party to enforce any provision of this Agreement shall not be construed as a waiver or limitation of that party's right to subsequently enforce such provision.,Standard Clause
79,Electronic Signatures,"The parties agree that electronic signatures, including signatures transmitted via PDF or DocuSign, shall be recognized and treated as binding original legal signatures.",Standard Clause
80,Mutual Drafting Construction,"The parties acknowledge that they have participated jointly in the negotiation and drafting of this Agreement, and no ambiguity shall be construed against any drafting party.",Standard Clause
81,Further Assurances,Each party agrees to execute and deliver such additional documents and take such further actions as may be reasonably necessary to carry out the provisions of this Agreement.,Standard Clause
82,Consent to Jurisdiction,"The parties hereby irrevocably consent to the personal jurisdiction and exclusive venue of the state and federal courts located in New Castle County, Delaware.",Standard Clause
83,Time is of the Essence,"Time is of the essence with respect to all performance dates, delivery deadlines, and payment milestones specified in this Agreement or any Statement of Work.",Standard Clause
84,Execution in Duplicates,"This contract is executed in duplicate counterparts, each party retaining one signed original copy for their respective corporate legal records.",Standard Clause
85,Recitals and Preamble,The recitals set forth at the beginning of this Agreement are true and correct and are hereby incorporated into and made an integral part of this contract.,Standard Clause
86,Binding Effect on Successors,"This Agreement shall be binding upon and inure to the benefit of the parties hereto and their respective permitted heirs, legal representatives, and successors.",Standard Clause
87,No Agency Authority,"Neither party has any authority, express or implied, to assume or create any obligation or liability on behalf of the other party or to bind the other party in any manner.",Standard Clause
88,Costs and Expenses,"Except as otherwise expressly provided herein, each party shall bear its own costs, legal fees, and expenses incurred in connection with the preparation of this Agreement.",Standard Clause
89,Standard of Interpretation,"Words in the singular shall include the plural and vice versa, and words denoting any gender shall include all genders where the context so requires.",Standard Clause
90,Effect of Recitals,The background recitals set forth above are incorporated herein by this reference and agreed to be binding facts upon both executing parties.,Standard Clause
91,Computation of Time,"When calculating any deadline specified herein, the day of the act or event shall not be included, and business days shall exclude weekends and public holidays.",Standard Clause
92,Corporate Seal and Power,Each party represents that its signatory has full corporate authorization and valid power of attorney to bind the corporation to this commercial commitment.,Standard Clause
93,Governing Law of New York,This Agreement and all claims arising out of or related to this Agreement shall be governed by and construed under the laws of the State of New York.,Standard Clause
94,Duplicate Originals,"This instrument may be signed in several counterparts, each of which shall be deemed an original, but all of which together constitute one single instrument.",Standard Clause
95,Headings Not Controlling,"Descriptive headings and section titles are inserted for convenience only and shall have no legal force, effect, or bearing in construing this Agreement.",Standard Clause
96,Entire Understanding,"This contract embodies the entire agreement of the parties regarding this transaction, and no prior oral representation or understanding shall have any force or effect.",Standard Clause
97,Mutual Execution,"In witness whereof, the parties hereto have caused this Agreement to be executed by their duly authorized representatives as of the Effective Date.",Standard Clause
98,Severability Savings Clause,"Should any sentence or section be ruled contrary to statutory law, such holding shall not impair or invalidate the remainder of this binding Agreement.",Standard Clause
99,Notices by Courier,"Notices sent by recognized express overnight courier (FedEx, UPS, DHL) shall be deemed received on the next business day following deposit with such carrier.",Standard Clause
100,Survival of Terms,Provisions which by their nature are intended to survive termination shall remain effective notwithstanding the termination or expiration of this Agreement.,Standard Clause
