clause_text,clause_type,domain,risk_label,label_id,word_count,id,ground_truth,correction
"The Company will, and will cause each of its Subsidiaries to, do or cause to be done all things necessary to preserve, renew and keep in full force and effect its legal existence and the rights, qualifications, licenses, permits, privileges, franchises, governmental authorizations and intellectual property rights material to the conduct of its business, and maintain all requisite authority to conduct its business in each jurisdiction in which its business is conducted; provided that the foregoing shall not prohibit any merger, amalgamation, consolidation, liquidation or dissolution permitted under Section 6.03. The Company will, and will cause each Subsidiary incorporated in a European Union jurisdiction to, cause its centre of main interest (as that term is used in Article 3(1) of the Insolvency Regulation) to be situated solely in its jurisdiction of incorporation and shall have an establishment (as that term is used in Article 2(h) of the Insolvency Regulation) situated solely in its jurisdiction of incorporation.",Existence,General Commercial,Standard Clause,0,156,1,Standard Clause,Standard commercial boilerplate. No changes required.
"BORROWER IRREVOCABLY AND UNCONDITIONALLY AGREES THAT IT WILL NOT COMMENCE ANY ACTION, LITIGATION OR PROCEEDING OF ANY KIND OR DESCRIPTION, WHETHER IN LAW OR EQUITY, WHETHER IN CONTRACT OR IN TORT OR OTHERWISE, AGAINST THE LENDER IN ANY WAY RELATING TO THIS AGREEMENT OR ANY OTHER LOAN DOCUMENT OR THE TRANSACTIONS RELATING HERETO OR THERETO, IN ANY FORUM OTHER THAN THE STATE AND FEDERAL COURTS OF THE STATE OF NEW YORK SITTING IN THE BOROUGH OF MANHATTAN, AND ANY APPELLATE COURT FROM ANY THEREOF, AND EACH OF THE PARTIES HERETO IRREVOCABLY AND UNCONDITIONALLY SUBMITS TO THE JURISDICTION OF SUCH COURTS AND AGREES THAT ALL CLAIMS IN RESPECT OF ANY SUCH ACTION, LITIGATION OR PROCEEDING MAY BE HEARD AND DETERMINED IN SUCH NEW YORK STATE COURT OR, TO THE FULLEST EXTENT PERMITTED BY APPLICABLE LAW, IN SUCH FEDERAL COURT. EACH OF THE PARTIES HERETO AGREES THAT A FINAL JUDGMENT IN ANY SUCH ACTION, LITIGATION OR PROCEEDING SHALL BE CONCLUSIVE AND MAY BE ENFORCED IN OTHER JURISDICTIONS BY SUIT ON THE JUDGMENT OR IN ANY OTHER MANNER PROVIDED BY LAW. NOTHING IN THIS AGREEMENT OR IN ANY OTHER LOAN DOCUMENT SHALL AFFECT ANY RIGHT THAT THE LENDER MAY OTHERWISE HAVE TO BRING ANY ACTION OR PROCEEDING RELATING TO THIS AGREEMENT OR ANY OTHER LOAN DOCUMENT AGAINST THE BORROWER OR ITS PROPERTIES IN THE COURTS OF ANY JURISDICTION.",Submission To Jurisdiction,General Commercial,High Risk Clause,2,225,2,High Risk Clause,Specify neutral governing jurisdiction and preserve statutory trial rights.
"The Stockholder, if not a natural person, is duly organized, validly existing and in good standing under the laws of the jurisdiction of its organization. The Stockholder has full legal capacity and power, right and authority to execute and deliver this Agreement and to perform the Stockholder’s obligations hereunder and to consummate the transactions contemplated hereby. This Agreement has been duly and validly executed and delivered by the Stockholder, and constitutes a valid and binding obligation of the Stockholder enforceable against the Stockholder in accordance with its terms, subject to applicable bankruptcy, insolvency, reorganization, moratorium, or other similar laws relating to creditors’ rights and general principles of equity.",Authorizations,General Commercial,Review Recommended,1,108,3,Review Recommended,Confirm commercial terms and operational feasibility for Authorizations.
Neither the Borrower nor any Subsidiary is in default under or with respect to any Contractual Obligation that individually or in the aggregate could reasonably be expected to have a Material Adverse Effect. No Default has occurred and is continuing.,No Defaults,General Commercial,High Risk Clause,2,40,4,High Risk Clause,Review and narrow exposure on No Defaults obligations.
"Whenever any payment of cash is to be made by any Credit Party to any Person pursuant to this Agreement, the Notes or other Transaction Document, such payment shall be made in lawful money of the United States of America (provided, that payments of cash made in respect of the UK Term Notes (GBP) shall be made in lawful money of the United Kingdom) by a check drawn on the account or accounts of such Credit Party and sent via overnight courier service to such Person at such address as previously provided to the Borrower Representative in writing (which address, in the case of each of the Lenders, shall initially be as set forth on the Schedule of Lenders attached hereto); provided that (i) the Agent, any Holder or any Lender may elect to receive a payment of cash via wire transfer of immediately available funds by providing the Borrower Representative with prior written notice setting out such request and the Agent’s, such Holder’s or such Lender’s wire transfer instructions and (ii) Credit Parties may elect to make a payment of cash via wire transfer of immediately available funds in accordance with wire transfer instructions provided by the Agent, each Holder and each Lender upon request therefor. Whenever any amount expressed to be due by the terms of this Agreement or any Note is due on any day which is not a Business Day, the same shall instead be due on the next succeeding day which is a Business Day and, in the case of any Interest Date which is not the date on which the applicable Note is paid in full in cash, the extension of the due date thereof shall not be taken into account for purposes of determining the amount of interest due on such date. Any amount due under the Transaction Documents (other than principal and interest, if the same are already accruing interest at the Default Rate), which is not paid when due shall result in a late charge being incurred and payable by the Borrowers in an amount equal to accrued interest at the Default Rate from the date such amount was due until the same is paid in full in cash (“ Late Charge ”). Such Late Charge shall continue to accrue post-petition in any proceeding under any Bankruptcy Law.",Payments,Finance & Banking,Review Recommended,1,387,5,Review Recommended,"Clarify net payment schedules, dispute timelines, and standard withholding exemptions."
"If, during the term of this Agreement, there shall be any stock splits, reorganizations, equity restructurings and similar matters, the Committee shall make or cause to be made an appropriate and equitable substitution, adjustment or treatment with respect to the RSUs in a manner consistent with Sections 4.4 and 19.2 of the Plan. The Committee’s determination as to what adjustments shall be made, and the extent thereof, shall be final, binding and conclusive. No fractional shares of Common Stock shall be issued under the Plan on any such adjustment. Except as otherwise provided in Section 4, the RSUs may be subject to early vesting or termination in connection with a Change in Control in accordance with the provisions of Section 18.3 of the Plan.",Change In Control,General Commercial,High Risk Clause,2,124,6,High Risk Clause,Review and narrow exposure on Change In Control obligations.
"Except as otherwise disclosed by those reports listed on Schedule II attached hereto and made a part hereof in respect of the Properties (referred to below collectively as the “ Environmental Reports ”), copies of which have been provided to Indemnitee, to Indemnitor’s knowledge and except as would not have a material adverse effect individually or in the aggregate on the business or condition (financial or otherwise) of Borrower or any Individual Borrower, (a) there are no Hazardous Substances (defined below) or underground storage tanks in, on or under any Individual Property, except those that are both (i) in compliance with all Environmental Laws (defined below) and with any necessary permits issued pursuant thereto and (ii) fully disclosed to Indemnitee in writing pursuant to the Environmental Reports; (b) there are no past, present or threatened Releases (defined below) of Hazardous Substances in, on, under or from any Individual Property which have not been remediated as required under Environmental Laws; (c) there is no threat of any Release of Hazardous Substances migrating to any Individual Property; (d) there is no past or present non-compliance with Environmental Laws, or with permits issued pursuant thereto, in connection with any Individual Property which has not been remediated as required under Environmental Laws; (e) none of Indemnitors know of, or have received, any written or oral notice or other communication from any Person (including, but not limited to, any Governmental Authority) relating to any Release or Remediation (defined below) of any Hazardous Substance, of possible liability of any Indemnitor pursuant to any Environmental Law, any other environmental conditions in connection with any Individual Property, or any actual or potential administrative or judicial proceedings in connection with any of the foregoing; (f) no Toxic Mold (as defined below) is present in the indoor air of any Individual Property at concentrations for which any Legal Requirement applicable to such Individual Property requires removal thereof by remediation professionals, and Indemnitors are not aware of any conditions at any Individual Property that are likely to result in the presence of Toxic Mold in the indoor air at concentrations for which any Legal Requirement applicable to such Individual Property would require such removal; and (g) Indemnitors have truthfully and fully provided to Indemnitee, in writing, any and all material information relating to conditions in, on, under or from each Individual Property that is actually known to any Indemnitor and that is contained in the files and records of any Indemnitor, including, but not limited, to any reports relating to Hazardous Substances in, on, under or from each Individual Property and/or to the environmental condition of each Individual Property.",Warranties,General Commercial,Review Recommended,1,438,7,Review Recommended,Scope representations to party's knowledge and standard commercially reasonable efforts.
"Except as required by law and except with respect to the Purchaser SEC Documents, the parties agree that neither they nor their agents shall issue any press release or make any other public disclosure concerning the transactions contemplated hereunder without the prior approval of the other party hereto. If a party is required to make such a disclosure as required by law, the parties will use their best efforts to cause a mutually agreeable release or public disclosure to be issued.",Publicity,SaaS / Technology,Review Recommended,1,81,8,Review Recommended,Confirm commercial terms and operational feasibility for Publicity.
"No provision of this Agreement affecting the Administrative Agent in its capacity as such shall be amended, modified or waived without the consent of the Administrative Agent. The Administrative Agent Fee Letter may be amended or modified by the Administrative Agent and the Administrative Borrower without the consent of any other Lender. No provision of this Agreement relating to the rights or duties of an Issuing Lender in its capacity as such shall be amended, modified or waived without the consent of such Issuing Lender. No provision of this Agreement relating to the rights or duties of the Swing Line Lender in its capacity as such shall be amended, modified or waived without the consent of the Swing Line Lender.",Duties,Employment,Review Recommended,1,120,9,Review Recommended,Confirm commercial terms and operational feasibility for Duties.
"During the Employment Period, Employee shall be eligible to participate in the same benefit plans and programs in which other similarly situated Company employees are eligible to participate, subject to the terms and conditions of the applicable plans and programs in effect from time to time. The Company shall not, however, by reason of this Section 6 , be obligated to institute, maintain, or refrain from changing, amending, or discontinuing, any such plan or policy, so long as such changes are similarly applicable to similarly situated Company employees generally.",Benefits,Employment,Review Recommended,1,89,10,Review Recommended,Confirm commercial terms and operational feasibility for Benefits.
"The titles and headings of this Sublease are for convenience of reference only and shall not in any way be deemed a part of this Sublease for the purpose of construing or interpreting the meaning thereof, or for any other purpose.",Headings,General Commercial,Standard Clause,0,41,11,Standard Clause,Standard commercial boilerplate. No changes required.
"This document, together with the attachment hereto and all restrictive covenants in any and all agreements between Executive and the Company or to which Executive is a party constitute the final, complete, and exclusive embodiment of the entire agreement and understanding between the Parties related to the subject matter hereof and to the compensatory arrangements between the Company and Executive and supersedes and preempts any prior or contemporaneous understandings, agreements, term sheets, or prior drafts or representations by or between the Parties, written or oral.",Entire Agreements,General Commercial,Standard Clause,0,85,12,Standard Clause,Standard commercial boilerplate. No changes required.
The Company agrees to indemnify the Director for his activities as a member of the Board as set forth in the Director and Officer Indemnification Agreement attached hereto as Exhibit A .,Indemnifications,General Commercial,High Risk Clause,2,32,13,High Risk Clause,Cap indemnity liability to fees paid and carve out standard gross negligence / willful misconduct.
"This Warrant Agent Agreement shall be governed by and construed in accordance with the laws of the State of New York. All actions and proceedings relating to or arising from, directly or indirectly, this Warrant Agent Agreement may be litigated in courts located within the Borough of Manhattan in the City and State of New York. The Company hereby submits to the personal jurisdiction of such courts and consents that any service of process may be made by certified or registered mail, return receipt requested, directed to the Company at its address last specified for notices hereunder. Each of the parties hereto hereby waives the right to a trial by jury in any action or proceeding arising out of or relating to this Warrant Agent Agreement.",Applicable Laws,General Commercial,Standard Clause,0,126,14,Standard Clause,Standard commercial boilerplate. No changes required.
"Neither Buyer nor any of its Affiliates has any Liability or obligation to pay fees or commissions to any broker, finder or agent with respect to the Transactions for which either Seller or their respective Affiliates would become liable or obliged.",Brokers,General Commercial,Standard Clause,0,41,15,Standard Clause,Standard commercial boilerplate. No changes required.
"During the Revolving Commitment Period, subject to the terms and conditions hereof, each Issuing Bank agrees to issue Letters of Credit for the account of the Borrower; provided that no Letter of Credit shall be, or shall be required to be, issued (or shall be amended or extended) by any Issuing Bank unless (i) such Issuing Bank (if other than the Person serving as the Revolving Facility Agent) shall have given written notice thereof to the Revolving Facility Agent pursuant to Section 2.4(g), (ii) after giving effect thereto (A) the Total Utilization of Revolving Commitments shall not exceed the Total Revolving Commitments, (B) the Letter of Credit Usage shall not exceed the Letter of Credit Sublimit and (C) the Letter of Credit Usage attributable to Letters of Credit issued by such Issuing Bank shall not exceed the Letter of Credit Issuing Commitment of such Issuing Bank, (iii) such Letter of Credit shall be denominated in Dollars, (iv) such Letter of Credit shall have an expiration date that is not later than the earlier of (A) five days prior to the Revolving Maturity Date, unless such Letter of Credit has been fully Cash Collateralized, and (B) the date that is one year after the date of issuance of such Letter of Credit (or, in the case of an extension of any Letter of Credit, one year after the date of such extension), provided that, in the case of any Letter of Credit, such Issuing Bank may agree that such Letter of Credit will automatically extend for one or more successive periods not to exceed one year each (but in any event to a date not later than five days prior to the Revolving Maturity Date, unless such Letter of Credit has been fully Cash Collateralized) unless such Issuing Bank elects not to extend for any such additional period and (v) such issuance (or amendment or extension) is in accordance with such Issuing Bank’s standard operating procedures. Each Letter of Credit shall be in a form acceptable to the applicable Issuing Bank in its discretion and shall be of the type approved for issuance by such Issuing Bank.",General,General Commercial,Standard Clause,0,356,16,Standard Clause,Standard commercial boilerplate. No changes required.
"Each of the Authorized Collateral Agents may demand specific performance of this Agreement. The First Lien Collateral Agent, on behalf of itself and the First Lien Secured Parties, the Second Lien Collateral Agent, on behalf of itself and the Second Lien Secured Parties, and the Third Lien Collateral Agent, on behalf of itself and the Third Lien Secured Parties, hereby irrevocably waive any defense based on the adequacy of a remedy at law and any other defense which might be asserted to bar the remedy of specific performance in any action which may be brought by any of the Authorized Collateral Agents or the Secured Parties.",Specific Performance,General Commercial,High Risk Clause,2,106,17,High Risk Clause,Review and narrow exposure on Specific Performance obligations.
"EACH BORROWER, EACH OTHER LOAN PARTY, THE ADMINISTRATIVE AGENT AND EACH LENDER IRREVOCABLY WAIVES ALL RIGHT TO TRIAL BY JURY IN ANY ACTION, PROCEEDING OR COUNTERCLAIM (WHETHER BASED ON CONTRACT, TORT OR OTHERWISE) ARISING OUT OF OR RELATING TO ANY OF THE LOAN DOCUMENTS, THE ADVANCES OR THE ACTIONS OF THE ADMINISTRATIVE AGENT OR ANY LENDER IN THE NEGOTIATION, ADMINISTRATION, PERFORMANCE OR ENFORCEMENT THEREOF.",Waiver Of Jury Trials,General Commercial,High Risk Clause,2,64,18,High Risk Clause,Specify neutral governing jurisdiction and preserve statutory trial rights.
"The Parent REIT and its Subsidiaries have conducted their businesses in compliance with the United States Foreign Corrupt Practices Act of 1977, the UK Bribery Act 2010, and other similar anti‑corruption legislation in other jurisdictions, and have instituted and maintained policies and procedures designed to promote and achieve compliance with such laws.",Anti-Corruption Laws,General Commercial,High Risk Clause,2,52,19,High Risk Clause,Ensure compliance representations are strictly bilateral and commercially standard.
"This Agreement will inure to the benefit of and be binding upon the parties hereto and their respective successors and the indemnified persons referred to in Section 8 hereof and their respective successors, and, except as expressly set forth in Section 5(k) hereof, no other person will have any right or obligation hereunder.",Successors,General Commercial,Standard Clause,0,53,20,Standard Clause,Standard commercial boilerplate. No changes required.
Each Grantor waives and agrees not to assert any rights or privileges which it may acquire under the New York UCC or any other applicable law. Each Grantor shall remain liable for any deficiency if the proceeds of any sale or other disposition of the Collateral are insufficient to pay its Secured Obligations and the fees and disbursements of any attorneys employed by the Administrative Agent or any other Secured Party to collect such deficiency.,Waivers,General Commercial,Standard Clause,0,75,21,Standard Clause,Standard commercial boilerplate. No changes required.
"Subject to any limits on applicability contained therein, paragraphs 6, 7, 8, 9, 10, 11, 21 and 22 hereof shall survive and continue in full force in accordance with their terms notwithstanding any termination of the Employment Period.",Survival,General Commercial,Standard Clause,0,38,22,Standard Clause,Standard commercial boilerplate. No changes required.
Borrower is a corporation duly organized and existing in good standing under the laws of the State of Delaware and has all requisite power and authority to conduct its business and to own its properties. Borrower is duly licensed or qualified to do business and is in good standing in all jurisdictions in which the nature of its business or the ownership of its properties requires such qualification.,Organizations,General Commercial,Review Recommended,1,68,23,Review Recommended,Confirm commercial terms and operational feasibility for Organizations.
"A termination or amendment of the Plan that occurs after an Award is made shall not materially impair the rights of a Grantee unless the Grantee consents or unless the Board acts under Section 18(b). The termination of the Plan shall not impair the power and authority of the Board with respect to an outstanding Award. Whether or not the Plan has terminated, an outstanding Award may be terminated or amended under Section 18(b) or may be amended by agreement of the Company and the Grantee consistent with the Plan.",Terminations,General Commercial,High Risk Clause,2,90,24,High Risk Clause,Require mutual termination rights with 30-day written notice and cure period for breach.
"The execution, delivery and performance by such Purchaser of this Agreement and the consummation by such Purchaser of the transactions contemplated hereby and thereby will not (i) result in a violation of the organizational documents of such Purchaser, (ii) conflict with, or constitute a default (or an event which with notice or lapse of time or both would become a default) under, or give to others any rights of termination, amendment, acceleration or cancellation of, any agreement, indenture or instrument to which such Purchaser is a party, or (iii) result in a violation of any law, rule, regulation, order, judgment or decree (including federal and state securities laws) applicable to such Purchaser, except in the case of clauses (ii) and (iii) above, for such conflicts, defaults, rights or violations which would not, individually or in the aggregate, reasonably be expected to have a material adverse effect on the ability of such Purchaser to perform its obligations hereunder.",No Conflicts,General Commercial,Review Recommended,1,157,25,Review Recommended,Confirm commercial terms and operational feasibility for No Conflicts.
"During and after the Noncompetition Period, Executive agrees to provide reasonable assistance to the Company (including assistance with litigation matters), upon the Company’s request, concerning Executive’s previous employment responsibilities and functions with the Company. Additionally, Executive agrees not to make written (to include online or other written statements) or oral statements about the Company, its parents, subsidiaries, and/or affiliates, or any of their respective employees that are negative or disparaging. Nothing in this Agreement shall preclude Executive from communicating or testifying truthfully (i) to the extent required or protected by law, (ii) to any federal, state, or local governmental agency, (iii) in response to a subpoena to testify issued by a court of competent jurisdiction, or (iv) in any action to challenge or enforce the terms of this Agreement.",Cooperation,General Commercial,Standard Clause,0,129,26,Standard Clause,Standard commercial boilerplate. No changes required.
"Seller will promptly, and in any event within ten (10) Business Days after service of process on any of the following, give to Administrative Agent notice of all litigation, actions, suits, arbitrations, investigations (including, without limitation, any of the foregoing which are threatened or pending) or other legal or arbitrable proceedings affecting Seller or any of its Subsidiaries or affecting any of the Property of any of them before any Governmental Authority that (i) questions or challenges the validity or enforceability of any of the Program Agreements or any action to be taken in connection with the transactions contemplated hereby or (ii) which, individually or in the aggregate, is reasonably likely to be adversely determined, and if adversely determined, could be reasonably likely to have a Material Adverse Effect. Seller will promptly provide notice of any judgment, which with the passage of time, could cause an Event of Default hereunder; provided, that, if disclosure of such information is not permitted by any law, rule or regulation, for as long as such disclosure is not permitted, Seller shall (x) disclose to Administrative Agent any portion of such information that is permitted, (y) notify Administrative Agent of any material event in a level of specificity that would not violate such law, rule or regulation and (z) promptly seek permission to disclose the information from the necessary authorities and shall provide Administrative Agent such information upon receipt of such permission.",Litigations,General Commercial,High Risk Clause,2,237,27,High Risk Clause,Review and narrow exposure on Litigations obligations.
"(i) Change its name or the location of any office at which Records are maintained, (ii) be a party to any merger or consolidation, or purchase or otherwise acquire all or substantially all of the assets or any stock of any class of, or any partnership or joint venture interest in, any other Person, or, except in the ordinary course of its business, sell, transfer, convey, contribute or lease all or any substantial part of its assets, or sell or assign with or without recourse any Pool Receivables or any interest therein (other than pursuant hereto and to the Sale Agreement) to any Person or (iii) have any Subsidiaries.",Sales,Finance & Banking,Review Recommended,1,109,28,Review Recommended,Confirm commercial terms and operational feasibility for Sales.
"The audited financial statements and notes and unaudited reviewed interim financial statements of Parent included in the Parent Reports (collectively, the “Parent Financial Statements”) (i) complied as to form in all material respects with applicable accounting requirements and, as appropriate, the published rules and regulations of the SEC with respect thereto when filed, including Regulation S-X or Regulation S-K, as applicable, (ii) were prepared in accordance with GAAP applied on a consistent basis throughout the periods covered thereby (except as may be indicated therein or in the notes thereto, and in the case of quarterly financial statements, as permitted by Form 10-Q under the Exchange Act), (iii) fairly present the consolidated financial condition, results of operations and cash flows of Parent as of the respective dates thereof and for the periods referred to therein, and (iv) are consistent with the books and records of Parent.",Financial Statements,Finance & Banking,Review Recommended,1,145,29,Review Recommended,Confirm commercial terms and operational feasibility for Financial Statements.
"By the issuance of a Letter of Credit (or an amendment to a Letter of Credit increasing the amount thereof) and without any further action on the part of any Issuing Bank or the Lenders, each Issuing Bank hereby grants to each Lender, and each Lender hereby acquires from such Issuing Bank, a participation in such Letter of Credit equal to such Lender’s Applicable Percentage of the aggregate Dollar Amount available to be drawn under such Letter of Credit. In consideration and in furtherance of the foregoing, each Lender hereby absolutely and unconditionally agrees to pay to the Administrative Agent, for the account of the applicable Issuing Bank, such Lender’s Applicable Percentage of each LC Disbursement made by such Issuing Bank and not reimbursed by the Company or any applicable LC Account Party on the date due as provided in paragraph (e) of this Section, or of any reimbursement payment required to be refunded to the Company or any applicable LC Account Party for any reason. Each Lender acknowledges and agrees that its obligation to acquire participations pursuant to this paragraph in respect of Letters of Credit is absolute and unconditional and shall not be affected by any circumstance whatsoever, including any amendment, renewal or extension of any Letter of Credit or the occurrence and continuance of a Default or reduction or termination of the Commitments, and that each such payment shall be made without any offset, abatement, withholding or reduction whatsoever.",Participations,General Commercial,Standard Clause,0,242,30,Standard Clause,Standard commercial boilerplate. No changes required.
"The Company shall not, nor shall it permit any of its Subsidiaries to, enter into, renew, extend or be a party to, any transaction or series of related transactions (including, without limitation, the purchase, sale, lease, transfer or exchange of property or assets of any kind or the rendering of services of any kind) with any affiliate, except in the ordinary course of business in a manner and to an extent consistent with past practice and necessary or desirable for the prudent operation of its business, for fair consideration and on terms no less favorable to it or its Subsidiaries than would be obtainable in a comparable arm’s length transaction with a Person that is not an affiliate thereof.",Transactions With Affiliates,General Commercial,Review Recommended,1,119,31,Review Recommended,Confirm commercial terms and operational feasibility for Transactions With Affiliates.
"This Agreement may be executed in separate counterparts. When all counterparts are signed, they shall be treated together as one and the same document.",Counterparts,General Commercial,Standard Clause,0,24,32,Standard Clause,Standard commercial boilerplate. No changes required.
"In any action to enforce this Agreement or to seek damages on account of any breach hereof, the prevailing party shall be entitled to reimbursement for its costs of collection (including reasonable attorneys’ fees and expenses). No remedy conferred upon any party to this Agreement is intended to be exclusive of any other remedy herein or by law provided or permitted, but each such remedy shall be cumulative and shall be in addition to every other remedy given hereunder or now or hereafter existing at law or in equity or by statute.",Remedies,General Commercial,High Risk Clause,2,92,33,High Risk Clause,Review and narrow exposure on Remedies obligations.
"This Agreement shall bind the Executive and the Bank, and their beneficiaries, survivors, executors, administrators and transferees.",Binding Effects,General Commercial,Standard Clause,0,17,34,Standard Clause,Standard commercial boilerplate. No changes required.
"Unless otherwise provided for hereunder, this Note may not be modified or amended or the provisions hereof waived without the written consent of Borrower and the Holder.",Amendments,General Commercial,Review Recommended,1,27,35,Review Recommended,Confirm commercial terms and operational feasibility for Amendments.
"All questions concerning the construction, validity, enforcement and interpretation of this Note shall be governed by and construed and enforced in accordance with the internal laws of the State of Florida without regard to the principles of conflict of laws thereof. Each party agrees that all legal proceedings concerning the interpretation, enforcement and defense of the transactions contemplated by this Note (whether brought against a party hereto or its respective Affiliates, directors, officers, shareholders, employees or agents) shall be commenced in the state and federal courts sitting in Duval County, Florida (the “Florida Courts”). Each party hereto hereby irrevocably submits to the exclusive jurisdiction of the Florida Courts for the adjudication of any dispute hereunder or in connection herewith or with any transaction contemplated hereby or discussed herein (including with respect to the enforcement of any of this Note), and hereby irrevocably waives, and agrees not to assert in any suit, action or proceeding, any claim that it is not personally subject to the jurisdiction of such Florida Courts, or such Florida Courts are improper or inconvenient venue for such proceeding. Each party hereby irrevocably waives personal service of process and consents to process being served in any such suit, action or proceeding by mailing a copy thereof via registered or certified mail or overnight delivery (with evidence of delivery) to such party at the address in effect for notices to it under this Note and agrees that such service shall constitute good and sufficient service of process and notice thereof. Nothing contained herein shall be deemed to limit in any way any right to serve process in any other manner permitted by applicable law. If any party shall commence an action or proceeding to enforce any provisions of this Note, then the prevailing party in such action or proceeding shall be reimbursed by the other party for its attorneys’ fees and other costs and expenses incurred in the investigation, preparation and prosecution of such action or proceeding.",Governing Laws,General Commercial,Standard Clause,0,328,36,Standard Clause,Standard commercial boilerplate. No changes required.
"Any unvested Restricted Stock Units shall be forfeited immediately, automatically and without consideration if the Participant’s continuous service with the Company as a Non-Employee Director is interrupted or terminated for any reason.",Forfeitures,Employment,High Risk Clause,2,32,37,High Risk Clause,Review and narrow exposure on Forfeitures obligations.
"Each Loan Party and its Subsidiaries (a) has good title to, or valid leasehold interests in, all its real and personal property material to its business, except for minor defects in title that do not interfere with its ability to conduct its business as currently conducted or to utilize such properties for their intended purposes, (b) owns, or is entitled to use, all trademarks, service marks, trade names, domain names, copyrights, patents, patent rights, technology, software, know-how database rights, design rights and other intellectual property rights material to its business, and the use thereof by the Loan Parties and their respective Subsidiaries does not infringe upon the rights of any other Person, except for any such infringements that, individually or in the aggregate, could not reasonably be expected to result in a Material Adverse Effect, (c) has complied in all material respects with all obligations under all material leases to which it is a party and all such leases are in full force and effect and (d) enjoys peaceful and undisturbed possession under all such material leases.",Liens,Finance & Banking,High Risk Clause,2,177,38,High Risk Clause,Limit collateral encumbrances and specify reasonable grace periods for financial cure.
The Company and its Affiliates shall have the right and are hereby authorized to withhold from amounts otherwise payable hereunder any applicable withholding taxes in respect of the PUs and to take such other action as may be necessary to satisfy all obligations for the payment of such withholding taxes.,Taxes,Finance & Banking,Review Recommended,1,50,39,Review Recommended,"Clarify net payment schedules, dispute timelines, and standard withholding exemptions."
"After giving effect to the execution and delivery of the Loan Documents and the making of the Loans under this Agreement, the Parent is Solvent, the Borrower is Solvent, and the Loan Parties, taken as a whole, are Solvent.",Solvency,Finance & Banking,High Risk Clause,2,39,40,High Risk Clause,Limit collateral encumbrances and specify reasonable grace periods for financial cure.
"(%3) This Agreement may be executed by one or more of the parties to this Agreement on any number of separate counterparts, and all of said counterparts taken together shall be deemed to constitute one and the same instrument. A set of the copies of this Agreement signed by all the parties shall be lodged with the Borrower and the Administrative Agent. This Agreement may be delivered by facsimile transmission or electronic mail of the relevant signature pages hereof.",Miscellaneous,General Commercial,Standard Clause,0,79,41,Standard Clause,Standard commercial boilerplate. No changes required.
"The parties hereto acknowledge and agree that, for purposes of any right of pledge governed by Netherlands Law, any resignation by the Collateral Agent is not effective with respect to its rights and obligations under each Parallel Debt until such rights and obligations are assigned to the successor agent. The Collateral Agent will reasonably cooperate in assigning its rights and obligations under each Parallel Debt to any such successor agent and will reasonably cooperate in transferring all rights and obligations under any security document governed by Netherlands Law (as the case may be) to such successor agent.",Assignments,General Commercial,Review Recommended,1,97,42,Review Recommended,"Add exception permitting assignment in event of merger, acquisition, or sale of assets."
"Nothing in this Agreement shall require the Advisor to disclose the details of its trading system, methods, models, strategies and formulas. CMF and the Partnership acknowledge that the trading systems, methods, models, strategies and formulas of the Advisor are the sole and exclusive property of the Advisor; CMF and the Partnership further agree that it will keep confidential and will not disseminate information regarding such systems, methods, models, strategies and formulas to any person. CMF and the Partnership will use any such information solely to evaluate and monitor the Advisor’s services described herein and not for any other purpose.",Confidentiality,SaaS / Technology,Review Recommended,1,99,43,Review Recommended,Ensure mutual confidentiality standard with 3-5 year expiration and customary exceptions.
"(a) The REIT will maintain in effect and enforce policies and procedures reasonably designed to promote and achieve compliance by the REIT, the Borrower, its Subsidiaries and their respective directors, officers, employees and agents with all Anti-Corruption Laws, Anti-Money Laundering Laws and applicable Sanctions, (b) the Borrower or the REIT will notify the Agent and each Lender that previously received a Beneficial Ownership Certification of any change in the information provided in the Beneficial Ownership Certification that would result in a change to the list of beneficial owners identified therein and (c) promptly upon the reasonable request of the Agent or any Lender, the Borrower or the REIT will provide the Agent or such Lender, as the case may be, any information or documentation requested by it for purposes of complying with the Beneficial Ownership Regulation.",Sanctions,General Commercial,High Risk Clause,2,136,44,High Risk Clause,Ensure compliance representations are strictly bilateral and commercially standard.
"During the Contract Period, the Executive shall be employed as Executive Vice President and Chief Information Officer of the Company or such other corporate or divisional profit center as shall then be the principal successor to the business, assets and properties of the Company, with the same title and the same duties and responsibilities as before the Change in Control. The Executive shall devote his full time and attention to the business of the Company, and shall not during the Contract Period be engaged in any other business activity. This paragraph shall not be construed as preventing the Executive from managing any investments of his which do not require any service on his part in the operation of such investments.",Positions,Employment,Review Recommended,1,120,45,Review Recommended,Confirm commercial terms and operational feasibility for Positions.
"In connection with this Agreement and the transactions contemplated hereby, each Member shall promptly execute and deliver any additional documents and instruments and perform any additional acts that may be necessary or appropriate to effectuate and perform the provisions of this Agreement and the transactions contemplated hereby.",Further Assurances,General Commercial,Standard Clause,0,47,46,Standard Clause,Standard commercial boilerplate. No changes required.
"The continuation of Executive’s employment through the Actual Termination Date, and the benefits attributable to such continuation of employment as set forth in Paragraphs 6 and 7, are contingent upon Executive materially complying with the restrictive covenants contained herein and executing a separation and release agreement (the “Release”). Further, the Company’s obligation to provide the benefits pursuant to Paragraphs 6 and 7 shall be deemed null and void should Executive fail or refuse to execute and deliver to the Company the Company’s then standard Release (without modification) within any time period as may be prescribed by law or, in absence thereof, twenty-one (21) days after the Effective Date of this Agreement.",Releases,Employment,High Risk Clause,2,111,47,High Risk Clause,Review and narrow exposure on Releases obligations.
"If any part of this Agreement is construed to be in violation of any law, such part shall be modified to achieve the objective of the Parties to the fullest extent permitted and the balance of this Agreement shall remain in full force and effect.",Severability,General Commercial,Standard Clause,0,45,48,Standard Clause,Standard commercial boilerplate. No changes required.
"Each of the Lenders and the Issuing Banks hereby irrevocably appoints Bank of America to act on its behalf as the Administrative Agent hereunder and under the other Loan Documents and authorizes the Administrative Agent to take such actions on its behalf and to exercise such powers as are delegated to the Administrative Agent by the terms hereof or thereof, together with such actions and powers as are reasonably incidental thereto. The provisions of this Article are solely for the benefit of the Administrative Agent, the Lenders and the Issuing Banks, and neither the Parent nor the Borrower shall have rights as a third party beneficiary of any of such provisions. It is understood and agreed that the use of the term “agent” herein or in any other Loan Documents (or any other similar term) with reference to the Administrative Agent is not intended to connote any fiduciary or other implied (or express) obligations arising under agency doctrine of any applicable law. Instead such term is used as a matter of market custom, and is intended to create or reflect only an administrative relationship between contracting parties.",Authority,General Commercial,Review Recommended,1,187,49,Review Recommended,Confirm commercial terms and operational feasibility for Authority.
"I agree that, from the date I sign this Agreement forward, I will not, publicly or privately, disparage, defame or criticize the Company, its Affiliates, officers, directors or shareholders.",Non-Disparagement,Employment,High Risk Clause,2,29,50,High Risk Clause,Review and narrow exposure on Non-Disparagement obligations.
