clause_text,clause_type,risk_label,id,predicted_baseline
"During and following the Employment Period, the Company shall fully indemnify the Executive for any liability to the fullest extent permitted under applicable state law. In addition, the Company agrees to continue and maintain, at the Company’s sole expense, a directors’ and officers’ liability insurance policy covering the Executive both during and, while potential liability exists, after the Employment Period that is no less favorable than the policy covering other active directors and senior officers of the Company from time to time.",Indemnifications,High Risk Clause,1,High Risk Clause
No Defaulting Lender shall be entitled to receive any fee payable under Section 2.09(a) for any period during which that Lender is a Defaulting Lender (and the Borrower shall not be required to pay any such fee that otherwise would have been required to have been paid to that Defaulting Lender).,Fees,Review Recommended,2,Review Recommended
"The failure of any party hereto to exercise any right, power or remedy provided under this Agreement or otherwise available in respect of this Agreement at law or in equity, or to insist upon compliance by the other party with its obligation under this Agreement, and any custom or practice of the parties at variance with the terms of this Agreement, shall not constitute a waiver by such party of such party’s right to exercise any such or other right, power or remedy or to demand such compliance.",No Waivers,Standard Clause,3,Standard Clause
"No failure on the part of the Collateral Agent or Lenders to exercise and no delay in exercising, and no course of dealing with respect to, any right, power or privilege under this Agreement shall operate as a waiver thereof, nor shall any single or partial exercise of any right, power or privilege under this Agreement preclude any other or further exercise thereof or the exercise of any other right, power or privilege. The rights and remedies provided for in this Agreement and the other Loan Documents are cumulative and not exclusive of any rights and remedies provided by law.",No Waivers,Standard Clause,4,Standard Clause
"EACH PARTY HERETO HEREBY IRREVOCABLY WAIVES, TO THE FULLEST EXTENT PERMITTED BY APPLICABLE LAW, ANY RIGHT IT MAY HAVE TO A TRIAL BY JURY IN ANY LEGAL PROCEEDING DIRECTLY OR INDIRECTLY ARISING OUT OF OR RELATING TO THIS AGREEMENT OR ANY OTHER LOAN DOCUMENT OR THE TRANSACTIONS CONTEMPLATED HEREBY OR THEREBY (WHETHER BASED ON CONTRACT, TORT OR ANY OTHER THEORY). EACH PARTY HERETO (A) CERTIFIES THAT NO REPRESENTATIVE, AGENT OR ATTORNEY OF ANY OTHER PERSON HAS REPRESENTED, EXPRESSLY OR OTHERWISE, THAT SUCH OTHER PERSON WOULD NOT, IN THE EVENT OF LITIGATION, SEEK TO ENFORCE THE FOREGOING WAIVER AND (B) ACKNOWLEDGES THAT IT AND THE OTHER PARTIES HERETO HAVE BEEN INDUCED TO ENTER INTO THIS AGREEMENT AND THE OTHER LOAN DOCUMENTS BY, AMONG OTHER THINGS, THE MUTUAL WAIVERS AND CERTIFICATIONS IN THIS SECTION 10.6 .",Waiver Of Jury Trials,High Risk Clause,5,High Risk Clause
"The Company and the Subsidiaries have, or have rights to use, all patents, patent applications, trademarks, trademark applications, service marks, trade names, trade secrets, inventions, copyrights, licenses and other intellectual property rights and similar rights necessary or required for use in connection with their respective businesses as described in the SEC Reports and which the failure to so have could have a Material Adverse Effect (collectively, the “ Intellectual Property Rights ”). None of, and neither the Company nor any Subsidiary has received a notice (written or otherwise) that any of, the Intellectual Property Rights has expired, terminated or been abandoned, or is expected to expire or terminate or be abandoned, within two (2) years from the date of this Agreement, except where such action would not have or would not reasonably be expected to have a Material Adverse Effect. Neither the Company nor any Subsidiary has received, since the date of the latest audited financial statements included within the SEC Reports, a written notice of a claim or otherwise has any knowledge that the Intellectual Property Rights violate or infringe upon the rights of any Person, except as could not have or reasonably be expected to not have a Material Adverse Effect. To the knowledge of the Company, all such Intellectual Property Rights are enforceable and there is no existing infringement by another Person of any of the Intellectual Property Rights. The Company and its Subsidiaries have taken reasonable security measures to protect the secrecy, confidentiality and value of all of their intellectual properties, except where failure to do so could not, individually or in the aggregate, reasonably be expected to have a Material Adverse Effect.",Intellectual Property,Review Recommended,6,Review Recommended
"The Company shall not be required to transfer any Ordinary Shares pursuant to this Agreement pending compliance with all applicable securities and other laws, rules and regulations (including any registration requirements or tax withholding requirements) and compliance with the rules and practices of any stock exchange upon which the Ordinary Shares are listed.",Compliance With Laws,Review Recommended,7,Review Recommended
All amounts due under this Section 12.3 shall be payable not later than ten (10) Business Days after demand therefor.,Payments,Review Recommended,8,Review Recommended
"All notices, requests, demands and other communications required or permitted under this Agreement or by law shall be in writing and may be personally served or sent by facsimile, overnight courier service or certified or registered United States mail and shall be deemed to have been duly given, made and received (a) if delivered in person, when delivered; (b) if delivered by facsimile, on the date of transmission if transmitted on a Business Day before 5:00 p.m. (New York City time) or, if not, on the next succeeding Business Day; (c) if delivered by overnight courier, one Business Day after delivery to such courier properly addressed with courier fees prepaid; or (d) if by United States mail, 3 Business Days after deposit in the United States mail, postage prepaid and properly addressed as set forth below.",Notices,Standard Clause,9,Standard Clause
"Each person who is or was a member of the Committee shall be indemnified by the Company against and from any damage, loss, liability, cost and expense that may be imposed upon or reasonably incurred by him in connection with. or resulting from any claim, action, suit, or proceeding to which he may be a party or in which he may be involved by reason of any action taken or failure to act under the Plan, except for any such act or omission constituting willful misconduct or gross negligence. Such person shall be indemnified by the Company for all amounts paid by him in settlement thereof, with the Company’s approval, or paid by him in satisfaction of any judgment in any such action, suit, or proceeding against him, provided he shall give the Company an opportunity, at its own expense, to handle and defend the same before he undertakes to handle and defend it on his own behalf. The foregoing right of indemnification shall not be exclusive of any other rights of indemnification to which such persons may be entitled under the Company’s Articles of Incorporation or Bylaws, as a matter of law, or otherwise, or any power that the Company may have to indemnify them or hold them harmless.",Indemnifications,High Risk Clause,10,High Risk Clause
"During the Term, Executive shall be entitled to participate in the benefit plans (including, without limitation, life insurance) and programs and receive perquisites that are provided by the Company from time to time for its senior executives generally, subject to the terms and conditions of such plans and programs, as they may be amended from time to time, and commensurate with Executive’s position. During the Term, Executive shall be entitled to up to $15,000 per year for tax and financial planning.",Benefits,Review Recommended,11,Review Recommended
"There is no action, suit, arbitration, proceeding, inquiry or investigation before or by the Principal Market, any court, public board, other Governmental Entity, self-regulatory organization or body pending or, to the knowledge of the Company, threatened against or affecting the Company or any of its Subsidiaries, the Common Stock or any of the Company’s or its Subsidiaries’ officers or directors, whether of a civil or criminal nature or otherwise, in their capacities as such, except as set forth in Schedule 3(t) . No director, officer or employee of the Company or any of its subsidiaries has willfully violated 18 U.S.C. §1519 or engaged in spoliation in reasonable anticipation of litigation. Without limitation of the foregoing, there has not been, and to the knowledge of the Company, there is not pending or contemplated, any investigation by the SEC involving the Company, any of its Subsidiaries or any current or former director or officer of the Company or any of its Subsidiaries. The SEC has not issued any stop order or other order suspending the effectiveness of any registration statement filed by the Company under the 1933 Act or the 1934 Act. After reasonable inquiry of its employees, the Company is not aware of any fact which might result in or form the basis for any such action, suit, arbitration, investigation, inquiry or other proceeding. Neither the Company nor any of its Subsidiaries is subject to any order, writ, judgment, injunction, decree, determination or award of any Governmental Entity.",Litigations,High Risk Clause,12,High Risk Clause
"For purposes of this Section 2.17, the term “ Lender ” includes any Issuing Bank and the term “ applicable law ” includes FATCA.",Defined Terms,Standard Clause,13,Standard Clause
"All questions pertaining to the validity, construction and administration of the Plan and Purchase Rights granted hereunder shall be determined in conformity with the laws of the State of Delaware, without regard to the principles of conflicts of laws, to the extent not inconsistent with Code Section 423 (for Section 423 Offerings) or other applicable federal laws of the United States.",Governing Laws,Standard Clause,14,Standard Clause
"This Agreement contains all the understandings between the parties hereto pertaining to the matters referred to herein, and supersedes any other undertakings and agreements (other than any written stock option or restricted stock agreements between Executive and the Company), whether oral or in writing, previously entered into by them with respect thereto. Notwithstanding the foregoing, any non-competition, non-solicitation, and/or confidentiality obligations that Executive has previously entered into with the Company or its subsidiaries or predecessors shall continue in full force and effect in accordance with their terms and the Company and its subsidiaries shall be entitled to enforce, at the Company’s election, such provisions in this Agreement and/or any such prior agreement so that it is afforded the maximum level of protection. Executive represents that, in executing this Agreement, he does not rely and has not relied upon any representation or statement made by the Company not set forth herein with regard to the subject matter or effect of this Agreement or otherwise.",Entire Agreements,Standard Clause,15,Standard Clause
"If any provision of this Award Agreement is declared to be illegal, invalid, or otherwise unenforceable by a court of competent jurisdiction, such provision shall be reformed, if possible, to the extent necessary to render it legal, valid, and enforceable, or otherwise deleted, and the remainder of the provisions of this Award Agreement shall not be affected except to the extent necessary to reform or delete such illegal, invalid, or unenforceable provision.",Severability,Standard Clause,16,Standard Clause
"Whenever notice is required to be given under this Warrant, unless otherwise provided herein, such notice shall be given in accordance with the notice provisions contained in the Purchase Agreement. The Company shall provide the Holder with prompt written notice (i) immediately upon any adjustment of the Exercise Price, setting forth in reasonable detail, the calculation of such adjustment and (ii) at least 20 days prior to the date on which the Company closes its books or takes a record (A) with respect to any dividend or distribution upon the Common Shares, (B) with respect to any grants, issuances or sales of any shares or other securities directly or indirectly convertible into or exercisable or exchangeable for Common Shares or other property, pro rata to the holders of Common Shares or (C) for determining rights to vote with respect to any Fundamental Transaction, dissolution or liquidation, provided in each case that such information shall be made known to the public prior to or in conjunction with such notice being provided to the Holder.",Notices,Standard Clause,17,Review Recommended
"As of the Commitment Agreement Date, there is no action pending or, to Prudential’s Knowledge, threatened against Prudential that in any manner challenges or seeks to prevent, enjoin or materially alter or delay the transactions contemplated by this Commitment Agreement or that could reasonably be expected to materially impair or restrict Prudential’s ability to consummate the transactions contemplated by this Commitment Agreement and to perform its obligations hereunder.",Litigations,High Risk Clause,18,High Risk Clause
"The Issuer hereby assigns to the Trustee its rights relating to the Pledged Loans under the Depositor Purchase Agreement including the rights assigned to the Issuer by the Depositor to payment due from the related Seller, or if applicable the related Approved Seller, for repurchases of Defective Loans (as such term is defined in the applicable Seller Purchase Agreement) resulting from the breach of representations and warranties under the applicable Seller Purchase Agreement or Approved Sale Agreement.",Warranties,Review Recommended,19,Review Recommended
"In the event of any conflict between this Agreement and the Plan, the Plan shall control. In the event of any ambiguity in this Agreement, or any matters as to which this Agreement is silent, the Plan shall govern including, without limitation, the provisions thereof pursuant to which the Committee has the power, among others, to (a) interpret the Plan, (b) prescribe, amend and rescind rules and regulations relating to the Plan, and (c) make all other determinations deemed necessary or advisable for the administration of the Plan. To the extent that Participant has entered into any other agreements with the Company or its affiliates which contain any provisions of the type contained within Section 9 of this agreement, those other provisions shall remain in full force and effect and the Protective Covenants in this Agreement shall be enforceable only if those other provisions are declared invalid and/or unenforceable by a court or the Company states in writing its intent not to enforce one or more of those other provisions. Subsections 9(e) and 9(f) of this agreement shall not be applicable to Participants who reside or work primarily in California.",Interpretations,Standard Clause,20,Standard Clause
"Each Option granted under the Plan must be evidenced by an Award Agreement. At the time any Option is granted, the Committee will determine whether the Option is to be an Incentive Stock Option described in Code Section 422 or a Non‑Qualified Stock Option, and the Option must be clearly identified as to its status as an Incentive Stock Option or a Non‑Qualified Stock Option. Incentive Stock Options may only be granted to employees of the Company or any Subsidiary. At the time any Incentive Stock Option granted under the Plan is exercised, the Company will be entitled to legend the certificates (if any) representing the shares of Stock purchased pursuant to the Option to clearly identify them as representing the shares purchased upon the exercise of an Incentive Stock Option. An Incentive Stock Option may only be granted within ten (10) years from the earlier of the date the Plan is adopted or approved by the Company’s stockholders.",Terms,Standard Clause,21,Review Recommended
"This Agreement, including the Appendices, shall constitute the entire agreement between the Parties with respect to the subject matter hereof and shall supersede all previous negotiations, commitments, course of dealings and writings with respect to such subject matter. In the event of any inconsistency between this Agreement and any Schedule hereto, the Schedule shall prevail.",Construction,Standard Clause,22,Standard Clause
"Each of the parties to this Agreement shall be entitled to enforce its rights under this Agreement specifically, to recover damages caused by any breach of any provision of this Agreement and to exercise all other rights existing in its favor. If the Company prevails in enforcing this Agreement, it shall be entitled to recover, in addition to other damages and remedies, its costs and reasonable attorneys’ fees. The parties hereto agree and acknowledge that money damages would not be an adequate remedy for the other party’s breach of any term or provision of this Agreement and that the other party in its sole discretion may apply to any court of law or equity of competent jurisdiction (without posting any bond or deposit) for specific performance and/or other injunctive relief in order to enforce or prevent any violations of the provisions of this Agreement.",Remedies,High Risk Clause,23,High Risk Clause
"Facebook will pay Advisor a fee for services rendered under this Agreement in the amount of $10,000 per month.",Fees,Review Recommended,24,Review Recommended
"In the event that an actual proceeding is brought in equity to enforce the provisions of Section 5 or this Section 6, the Executive shall not urge as a defense that there is an adequate remedy at law nor shall the Company be prevented from seeking any other remedies which may be available. The Executive agrees that she shall not raise in any proceeding brought to enforce the provisions of Section 5 or this Section 6 that the covenants contained in such Sections limit Executive’s ability to earn a living.",Remedies,High Risk Clause,25,High Risk Clause
"This Supplement may be modified or amended from time to time in accordance with the terms of the Base Indenture; provided , however , that if, pursuant to the terms of the Base Indenture or this Supplement, the consent of the Required Noteholders is required for an amendment or modification of this Supplement or any other Related Document, such requirement shall be satisfied if such amendment or modification is consented to by the Requisite Series 2019-2 Noteholders; provided , further , that, so long as (i) no Amortization Event has occurred and is continuing and (ii) the Rating Agency Consent Condition is met with respect to the outstanding Series 2019-2 Notes, ABRCF shall be able to (x) increase the Series 2019-2 Maximum Hyundai Amount up to an amount not to exceed 30% of the aggregate Net Book Value of all Vehicles leased under the Leases and/or (y) increase the Series 2019-2 Maximum Kia Amount up to an amount not to exceed 15% of the aggregate Net Book Value of all Vehicles leased under the Leases at any time without the consent of the Series 2019-2 Noteholders by giving written notice of such increase to the Trustee along with an Officer’s Certificate certifying that no Amortization Event has occurred and is continuing; provided , further , that, notwithstanding anything in this Section 5.7 or Article 8 or Article 12 of the Base Indenture to the contrary, this Supplement and any Related Documents relating solely to the Series 2019-2 Notes may be amended to provide for the issuance of any Class D Notes or Additional Class R Notes in accordance with Section 5.15 without the consent of any Class A Noteholder, any Class B Noteholder, any Class C Noteholder or any Class R Noteholder.",Amendments,Review Recommended,26,Review Recommended
"If the Infringement Claim is not resolved during the meet and confer process, the Asserting Party may then provide written notice to the Defending Party and the Judicial Arbitration and Mediation Services, Inc. ( “JAMS” ) within five (5) calendar days after completion of the meet and confer period that it is initiating arbitration proceedings to adjudicate the Infringement Claim ( “New Product Arbitration Notice” ) . The Defending Party may elect to defend against the Infringement Claim on the basis of any defenses that would be available in U.S. District Court ( “Infringement Defense” ) and/or on the basis that the infringement assertion is entirely directed to Supplier Functionality ( “Supplier Defense” ). For avoidance of doubt, the Defending Party may assert both an Infringement Defense and a Supplier Defense, and in such case the provisions referring to Infringement Defense and Supplier Defense will both apply. The Parties will meet and confer to seek to mutually agree on an arbitrator from JAMS within ten (10) calendar days of the New Product Arbitration Notice. If the Parties cannot reach an agreement on an arbitrator within this timeframe, the Parties hereby consent to appointment of an arbitrator by JAMS according to its appointment procedures. The arbitration will proceed in accordance with JAMS Comprehensive Arbitration Rules as modified herein. In the case of an Infringement Defense, the arbitration shall provide for discovery of information relevant to the Infringement Claim, the construction of the patent claims and validity of the patent. In the case of a Supplier Defense, the arbitration shall provide for discovery of information relevant to establishing whether the Infringement Claim is directed exclusively to Supplier Functionality. Within two (2) days of the arbitrator being selected, the Parties will exchange via electronic mail the names of individuals with relevant knowledge of the underlying dispute. Within three (3) calendar days of such exchange, the arbitrator will determine the scope and extent of fact and expert discovery after considering oral argument from both Parties. In either case, the arbitration shall provide for written briefing and a hearing within one hundred (100) calendar days of the New Product Arbitration Notice. Within fifteen (15) calendar days of the hearing, the arbitrator will render a preliminary determination (the “PD” ) of the Infringement Claim. In the case of an Infringement Defense, the PD will include a determination as to validity and infringement of the patent. In the case of a Supplier Defense, the PD will include a determination as to whether the Infringement Claim is entirely directed to Supplier Functionality. The arbitrator shall issue a final arbitration decision ( “FAD” ) within fifteen (15) calendar days of the PD. Prior to the FAD, the Parties may provide information to each other and the arbitrator relevant to the PD, or if the PD finds infringement, the Defending Party may elect by providing written notice to the Asserting Party and the arbitrator, to end the arbitration and proceed to modification in accordance with Section 3.2(c). For the sake of clarity, if the Defending Party proceeds to successful modification in accordance with Section 3.2(c) in response to the PD and before issuance of a FAD, the Three Year Stand Down and Dispute Resolution Process will remain in effect.",Arbitration,Standard Clause,27,Standard Clause
"The Employee shall be employed as Executive Vice President, Chief Financial Officer and shall have the duties, responsibilities and authority as may from time to time be assigned to him by the Company's Chief Executive Officer (the “CEO”) and/or and the Audit Committee of the Board of Directors of Kadmon Holdings, Inc. (the Board”), the Company’s parent company, that are consistent with such positions in a company of the size and nature of the Company. The Employee will report to the CEO and the Audit Committee of the Board of Directors of Kadmon Holdings, Inc., the Company’s parent company. The Employee agrees while he is employed by the Company to devote his full business time and attention to the activities of the Company and to not engage in other employment without the prior written consent of the CEO. The Employee agrees to perform his duties hereunder diligently and to use his best efforts, skill and ability to promote the interests of the Company and its affiliates.",Employment,Review Recommended,28,Review Recommended
"Promptly after any Authorized Officer of any Loan Party has knowledge of any action, suit or proceeding by or before any arbitrator or Official Body against or affecting the Borrower or any of its Subsidiaries as to which there is a reasonable likelihood of an adverse determination with respect to the Borrower or any of its Subsidiaries and that, if adversely determined, could reasonably be expected to result in a Material Adverse Effect.",Litigations,High Risk Clause,29,High Risk Clause
"(i) There is no action, suit, proceeding or investigation pending or, to the best knowledge of the Borrower, threatened, against the Borrower before any Governmental Authority and (ii) the Borrower is not subject to any order, judgment, decree, injunction, stipulation or consent order of or with any Governmental Authority that, in the case of either of the foregoing clauses (i) and (ii) , (A) asserts the invalidity of this Agreement or any other Transaction Document, (B) seeks to prevent the grant of a security interest in any Collateral by the Borrower to the Administrative Agent, the ownership or acquisition by the Borrower of any Pool Receivable or other Collateral or the consummation of any of the transactions contemplated by this Agreement or any other Transaction Document, (C) seeks any determination or ruling that could materially and adversely affect the performance by the Borrower of its obligations under, or the validity or enforceability of, this Agreement or any other Transaction Document or (D) individually or in the aggregate for all such actions, suits, proceedings and investigations could reasonably be expected to have a Borrower Material Adverse Effect.",Litigations,High Risk Clause,30,High Risk Clause
"The Administrator will not directly or indirectly create, suffer or allow to exist any Lien on the Collateral other than Permitted Liens.",Liens,High Risk Clause,31,High Risk Clause
"No provisions of this Agreement may be modified, waived or discharged unless such waiver, modification or discharge is agreed to in writing and signed by the Employee and the Company. No waiver by either party hereto at any time of any breach by the other party hereto or compliance with any condition or provision of this Agreement to be performed by such other party will be deemed a waiver of similar or dissimilar provisions or conditions at the same or at any prior or subsequent time. Unless otherwise noted, references to “Sections” are to sections of this Agreement. The captions used in this Agreement are designed for convenient reference only and are not to be used for the purpose of interpreting any provision of this Agreement.",Miscellaneous,Standard Clause,32,Standard Clause
"As of May 12, 2019, the authorized capital stock of the Company consists of: 250,000,000 authorized shares of Common Stock, of which 5,680,330 shares were issued and outstanding, and 0 authorized shares of preferred stock, of which 0 were issued and outstanding. All of such outstanding shares of capital stock of the Company and the Conversion Shares, are, or upon issuance will be, duly authorized, validly issued, fully paid and non-assessable. No shares of capital stock of the Company are subject to preemptive rights or any other similar rights of the shareholders of the Company or any liens or encumbrances imposed through the actions or failure to act of the Company. As of the effective date of this Agreement, other than as publicly announced prior to such date and reflected in the SEC filings of the Company (i) there are no outstanding options, warrants, scrip, rights to subscribe for, puts, calls, rights of first refusal, agreements, understandings, claims or other commitments or rights of any character whatsoever relating to, or securities or rights convertible into or exchangeable for any shares of capital stock of the Company or any of its Subsidiaries, or arrangements by which the Company or any of its Subsidiaries is or may become bound to issue additional shares of capital stock of the Company or any of its Subsidiaries, (ii) there are no agreements or arrangements under which the Company or any of its Subsidiaries is obligated to register the sale of any of its or their securities under the 1933 Act and (iii) there are no anti-dilution or price adjustment provisions contained in any security issued by the Company (or in any agreement providing rights to security holders) that will be triggered by the issuance of any of the Securities. The Company will furnish to the Buyers true and correct copies of the Company’s Certificate of Incorporation as in effect on the date hereof (“ Certificate of Incorporation ”), the Company’s By-laws, as in effect on the date hereof (the “ By-laws ”), and the terms of all securities convertible into or exercisable for Common Stock of the Company and the material rights of the holders thereof in respect thereto, upon the written request of any Buyer.",Capitalization,Review Recommended,33,Review Recommended
"Employee, on behalf of himself and his heirs, executors, administrators, assigns and successors, fully and forever releases and discharges Company, and, as applicable, its current, former and future subsidiaries and related entities, successors, officers, directors, shareholders, agents, employees and assigns (collectively “Releasees”), from any and all claims, liabilities and causes of action, of every nature, kind and description, in law, equity or otherwise, which have arisen, occurred or existed at any time prior to his signing of this Agreement, including, without limitation, any and all claims, liabilities and causes of action arising out of or relating to Employee’s employment with Company or the cessation of that employment.",Releases,High Risk Clause,34,High Risk Clause
This Seventeenth Amendment becomes effective only upon the execution and delivery by Landlord and Tenant.,Binding Effects,Standard Clause,35,Standard Clause
"Tenant represents and warrants that (i) Tenant is a duly formed, authorized and existing corporation, limited liability company, partnership, trust, or other form of entity (as the case may be), (ii) Tenant is qualified to do business in California, (iii) Tenant has the full right and authority to enter into this Lease and to perform all of Tenant’s obligations hereunder, and (iv) each person signing on behalf of Tenant is authorized to do so. Tenant shall deliver to Landlord, within ten (10) days after Landlord’s request, such certificates, resolutions, or other written assurances authorizing Tenant’s execution and delivery of this Lease, as requested by Landlord from time to time or at any time, in order for Landlord to assess Tenant’s then authority under this Lease.",Authority,Review Recommended,36,Review Recommended
"The financial statements of the Company included in the SEC Reports comply in all material respects with applicable accounting requirements and the rules and regulations of the Commission with respect thereto as in effect at the time of filing. Such financial statements have been prepared in accordance with United States generally accepted accounting principles applied on a consistent basis during the periods involved (“ GAAP ”), except as may be otherwise specified in such financial statements or the notes thereto and except that unaudited financial statements may not contain all footnotes required by GAAP, and fairly present in all material respects the financial position of the Company and its consolidated Subsidiaries as of and for the dates thereof and the results of operations and cash flows for the periods then ended, subject, in the case of unaudited statements, to normal, immaterial, year-end audit adjustments.",Financial Statements,Review Recommended,37,Review Recommended
"The Company will, and will cause each of its Subsidiaries to, do or cause to be done all things necessary to preserve, renew and keep in full force and effect its legal existence and the rights, qualifications, licenses, permits, privileges, franchises, governmental authorizations and intellectual property rights material to the conduct of its business, and maintain all requisite authority to conduct its business in each jurisdiction in which its business is conducted; provided that the foregoing shall not prohibit any merger, amalgamation, consolidation, liquidation or dissolution permitted under Section 6.03. The Company will, and will cause each Subsidiary incorporated in a European Union jurisdiction to, cause its centre of main interest (as that term is used in Article 3(1) of the Insolvency Regulation) to be situated solely in its jurisdiction of incorporation and shall have an establishment (as that term is used in Article 2(h) of the Insolvency Regulation) situated solely in its jurisdiction of incorporation.",Existence,Standard Clause,38,Standard Clause
"At the request of any Account Party, at any time and from time to time during the Availability Period, each Fronting Bank agrees, on and subject to the terms and conditions of this Agreement and in reliance upon the agreements of the Lenders set forth in this Section 3.2 , to Issue Letters of Credit as Participated Letters of Credit for the account of such Account Party or the account of any Non-Excluded Subsidiary in Dollars or one or more Foreign Currencies in an aggregate amount not to exceed its Fronting Commitment, provided that no Letter of Credit shall be Issued at any time if, immediately after giving effect thereto, (i) any Lender’s Credit Exposure would exceed such Lender’s Commitment, (ii) the sum of the aggregate Credit Exposures of all Lenders would exceed the aggregate Commitments at such time, or (iii) the aggregate Dollar Amount of the L/C Obligations would exceed the L/C Sublimit at such time. Each Participated Letter of Credit shall be in a form customarily used or otherwise approved by the Fronting Bank (in consultation with the applicable Account Party).",General,Standard Clause,39,Review Recommended
"To request the issuance of a Letter of Credit (or the amendment of the terms and conditions, extension of the terms and conditions, extension of the expiration date, or reinstatement of amounts paid, or renewal of an outstanding Letter of Credit), the Borrower shall deliver (or transmit by electronic communication, if arrangements for doing so have been approved by the applicable L/C Issuer) to an L/C Issuer selected by it and to the Administrative Agent not later than 1:00 p.m. at least two Business Days (or such later date and time as the Administrative Agent and such L/C Issuer may agree in a particular instance in their sole discretion) prior to the proposed issuance date or date of amendment, as the case may be, a notice requesting the issuance of a Letter of Credit, or identifying the Letter of Credit to be amended, extended, reinstated or renewed, and specifying the date of issuance, amendment, extension, reinstatement or renewal (which shall be a Business Day), the date on which such Letter of Credit is to expire (which shall comply with paragraph (d) of this Section), the amount of such Letter of Credit, the name and address of the beneficiary thereof, the purpose and nature of the requested Letter of Credit and such other information as shall be necessary to prepare, amend, extend, reinstate or renew such Letter of Credit. If requested by the applicable L/C Issuer, the Borrower also shall submit a letter of credit application and reimbursement agreement on such L/C Issuer’s standard form in connection with any request for a Letter of Credit. In the event of any inconsistency between the terms and conditions of this Agreement and the terms and conditions of any form of letter of credit application and reimbursement agreement or other agreement submitted by the Borrower to, or entered into by the Borrower with, an L/C Issuer relating to any Letter of Credit, the terms and conditions of this Agreement shall control. Promptly after receipt of any notice requesting the issuance or amendment of a Letter of Credit, the applicable L/C Issuer will confirm with Administrative Agent (by telephone or in writing) that the Administrative Agent has received from the Borrower a copy of such request of issuance or amendment of a Letter of Credit, including a copy of any letter of credit application and/or reimbursement agreement if required by the L/C Issuer, and if not, such L/C Issuer will provide Administrative Agent with a copy thereof.",Amendments,Review Recommended,40,Review Recommended
"Notwithstanding the provisions in Sections 3 and 4 set forth above, shares of Restricted Stock with respect to which the restrictions have not yet lapsed shall immediately vest in the event of the dissolution or liquidation of the Company, a merger or consolidation in which the Company is not the surviving corporation, or a transaction in which another individual or entity becomes the owner of fifty percent (50%) or more of the total combined voting power of all classes of stock of the Company.",Change In Control,High Risk Clause,41,High Risk Clause
"When the Shares are issued as payment for exercised SARs, the Grantee will recognize immediate U.S. taxable income if the Grantee is a U.S. taxpayer. If the Grantee is a non-U.S. taxpayer, the Grantee will be subject to applicable taxes in his or her jurisdiction. The Company (or the employing parent of the Company or Subsidiary) will withhold a portion of the Shares otherwise issuable in payment for exercised SARs that have an aggregate market value sufficient to pay the federal, state and local income, employment and any other applicable taxes required to be withheld by the Company (or the employing parent of the Company or Subsidiary) with respect to the Shares, not to exceed the amount determined by using the maximum federal, state or local marginal income tax rates applicable to the Grantee or the Company, as applicable, with respect to the Shares on the date that the amount of tax to be withheld or remitted is to be determined. No fractional Shares will be withheld or issued pursuant to the exercise of SARs and the issuance of Shares thereunder. Notwithstanding anything herein to the contrary, the Company (or the employing parent of the Company or Subsidiary) may instead, in its discretion, withhold an amount necessary to pay the applicable taxes from the Grantee’s paycheck, with no withholding of Shares. In the event the withholding requirements are not satisfied through the withholding of Shares (or through the Grantee’s paycheck, as indicated above), no payment will be made to the Grantee (or his or her estate) for SARs unless and until satisfactory arrangements (as determined by the Committee) have been made by the Grantee with respect to the payment of any income and other taxes which the Company determines must be withheld or collected with respect to such SARs. By accepting this award of SARs, the Grantee expressly consents to the withholding of Shares and to any cash or Share withholding as provided for in this Paragraph 10. All income and other taxes related to the SAR award and any Shares delivered in payment thereof are the sole responsibility of the Grantee. In no event will the Company reimburse the Grantee for any taxes that may be imposed on the Grantee as result of Section 409A of the Internal Revenue Code of 1986, as amended (“ Section 409A ”).",Tax Withholdings,Review Recommended,42,Review Recommended
"For services rendered under this Employment Agreement, the Company will pay the Employee a base annual salary of $365,000 (such applicable annual rate referred to herein as the “ Base Salary ”). Payment will be made on the regularly scheduled pay dates of the Company, subject to all appropriate withholdings or other deductions required by applicable law or by the Company’s established policies applicable to employees of the Company. The Company may increase the Base Salary in its sole discretion, but shall not reduce the Base Salary below the rate established by this Employment Agreement without the Employee’s written consent.",Base Salary,Review Recommended,43,Review Recommended
"Except as disclosed in the SEC Reports or otherwise disclosed to the Buyer(s), there is no action, suit, arbitration, proceeding, inquiry or investigation before or by the Trading Market, public board, other Governmental Entity, self-regulatory organization or body pending or, to the knowledge of the Company, threatened against or affecting the Company or any of its Subsidiaries, the Common Stock or any of the Company’s or its Subsidiaries’ officers or directors, whether of a civil or criminal nature or otherwise, in their capacities as such, which would reasonably be expected to result in a Material Adverse Effect. Without limitation of the foregoing, there has not been, and to the knowledge of the Company, there is not pending or contemplated, any investigation by the SEC involving the Company, any of its Subsidiaries or any current or former director or officer of the Company or any of its Subsidiaries. Neither the Company nor any of its Subsidiaries is the subject of any order, writ, judgment, injunction, decree, determination or award of any Governmental Entity that would reasonably be expected to result in a Material Adverse Effect.",Litigations,High Risk Clause,44,High Risk Clause
"If any Lender (a “ Benefitted Lender ”) shall, at any time after the Loans and all other amounts payable hereunder shall have become due and payable (whether at the stated maturity, by acceleration or otherwise), receive any payment of all or part of the Obligations owing to it (other than in connection with an assignment made pursuant to Section 10.6), or receive any collateral in respect thereof (whether voluntarily or involuntarily, by set off, pursuant to events or proceedings of the nature referred to in Section 8(e), or otherwise), in a greater proportion than any such payment to or collateral received by any other Lender, if any, in respect of the Obligations owing to such other Lender, such Benefitted Lender shall purchase for cash in Dollars from the other Lenders a participating interest in such portion of the Obligations owing to each such other Lender, or shall provide such other Lenders with the benefits of any such collateral, as shall be necessary to cause such Benefitted Lender to share the excess payment or benefits of such collateral ratably with each of the Lenders; provided , however , that if all or any portion of such excess payment or benefits is thereafter recovered from such Benefitted Lender, such purchase shall be rescinded, and the purchase price and benefits returned, to the extent of such recovery, but without interest; and provided , further , that no payments in respect of Obligations owing by any Foreign Subsidiary Borrower shall be utilized to satisfy any Obligations owing by the Company or any Domestic Subsidiary Borrower.",Adjustments,Review Recommended,45,Review Recommended
"All notices, requests, demands and other communications hereunder shall be in writing and shall be delivered by hand, sent prepaid for next-day delivery by Federal Express (or a comparable overnight delivery service) or sent by the United States mail, certified, postage prepaid, return receipt requested, at the addresses and with such copies as designated below. Any notice, request, demand or other communication delivered or sent in the manner aforesaid may be given by the party required to give such notice, etc., or its attorney, and shall be deemed given or made (as the case may be) when actually delivered to or refused by the intended recipient.",Notices,Standard Clause,46,Standard Clause
"The Company and each Affiliate shall have the right to retain and withhold from any payment (including the vesting) of Award Shares (and any dividends on Award Shares) any amounts required to be withheld or otherwise deducted and paid with respect to such payment (including the vesting thereof). At its discretion, the Company and each Affiliate may require the Grantee receiving Award Shares to reimburse the Company or any Affiliate for any such taxes required to be withheld by the Company or the Affiliate and withhold any distribution in whole or in part until the Company and each Affiliate is so reimbursed. In lieu thereof, the Company and each Affiliate shall have the right to withhold from any other cash amounts due or to become due from the Company or the Affiliate to the Grantee an amount equal to such taxes required to be withheld by the Company or the Affiliate as reimbursement for any such taxes or retain and withhold a number of shares having a market value not less than the amount of such taxes in order to reimburse the Company or the Affiliate for any such taxes.",Withholdings,Review Recommended,47,Review Recommended
"On the Closing Date, after giving effect to the Transactions, Holdings and its Subsidiaries, on a consolidated basis, are Solvent.",Solvency,High Risk Clause,48,High Risk Clause
"Each Party hereby agrees to indemnify and hold harmless the other party, its officers, directors, employees and agents against any and all losses, claims, expenses, damages or liabilities, jointly and severally, to which any of them may become subject or which they may incur, including all reasonable attorney’s fees and costs, to the fullest extent lawful, and all costs and expenses arising out of or in connection with any suit, action, or claim, arising out of the breach of their respective duties and responsibilities under this Agreement, or resulting from any breach of any representations or warranties under this Agreement with respect to their business, operations or assets.",Indemnifications,High Risk Clause,49,High Risk Clause
"If you breach any of your obligations under this Agreement, including the Ongoing Obligations, in addition to any other legal or equitable remedies it may have for such breach, the Company shall have the right to terminate its non-wage payments to you or for your benefit under this Agreement, require the return of such payments, and/or terminate your extended option exercise period. The termination or return of such payments and/or termination of your extended option exercise period in the event of your breach will not affect your continuing obligations under this Agreement or under the Ongoing Obligations.",Terminations,High Risk Clause,50,High Risk Clause
